id,first_name,last_name,email,signup_date
1,Tarek,Bernard,tarek.bernard1@example.com,2023-10-09
2,Gabriel,Singh,gabriel.singh2@mail.test,2023-04-15
3,Ugo,Iqbal,ugo.iqbal3@example.com,2024-03-08
4,Aaliyah,Garcia,aaliyah.garcia4@example.com,2023-08-12
5,Gabriel,Costa,gabriel.costa5@example.com,2024-07-28
6,Farah,Iqbal,farah.iqbal6@demo.dev,2023-08-14
7,Noor,Larsson,noor.larsson7@sample.io,2023-01-07
8,Xavier,Mensah,xavier.mensah8@demo.dev,2023-12-15
9,Hassan,Dubois,hassan.dubois9@mail.test,2023-12-11
10,Camille,Schmidt,camille.schmidt10@demo.dev,2023-04-10
11,Khadija,Leroy,khadija.leroy11@sample.io,2023-02-14
12,Wassim,Petrov,wassim.petrov12@example.com,2024-01-23
13,Bilal,Iqbal,bilal.iqbal13@sample.io,2024-01-06
14,Rami,Tanaka,rami.tanaka14@example.com,2023-02-16
15,Ugo,Singh,ugo.singh15@sample.io,2023-03-23
16,Adrian,Singh,adrian.singh16@example.com,2024-01-25
17,Hassan,Petrov,hassan.petrov17@sample.io,2023-06-16
18,Khadija,Leroy,khadija.leroy18@mail.test,2023-10-01
19,Valentin,Schmidt,valentin.schmidt19@mail.test,2024-06-30
20,Wassim,Singh,wassim.singh20@mail.test,2024-04-18
21,Liam,Khoury,liam.khoury21@mail.test,2023-11-29
22,Zoe,Rossi,zoe.rossi22@mail.test,2023-02-02
23,Yara,Mueller,yara.mueller23@demo.dev,2023-10-02
24,Bilal,Tanaka,bilal.tanaka24@sample.io,2023-08-06
25,Tarek,Diallo,tarek.diallo25@demo.dev,2024-04-14
26,Dimitri,Khoury,dimitri.khoury26@mail.test,2023-09-10
27,Wassim,Iqbal,wassim.iqbal27@sample.io,2024-08-21
28,Maya,Larsson,maya.larsson28@demo.dev,2024-01-06
29,Gabriel,Dubois,gabriel.dubois29@demo.dev,2023-04-04
30,Xavier,Rossi,xavier.rossi30@example.com,2023-06-06
31,Tarek,Mensah,tarek.mensah31@demo.dev,2023-03-07
32,Liam,Fernandez,liam.fernandez32@demo.dev,2024-06-25
33,Hassan,Iqbal,hassan.iqbal33@example.com,2023-04-28
34,Ugo,Iqbal,ugo.iqbal34@sample.io,2023-12-15
35,Camille,Park,camille.park35@demo.dev,2023-06-11
36,Noor,Garcia,noor.garcia36@sample.io,2024-05-27
37,Xavier,Mensah,xavier.mensah37@example.com,2023-11-02
38,Zoe,Costa,zoe.costa38@mail.test,2023-06-06
39,Khadija,Mensah,khadija.mensah39@example.com,2023-11-28
40,Omar,Garcia,omar.garcia40@example.com,2024-01-07
41,Bella,Park,bella.park41@mail.test,2023-03-01
42,Gabriel,Larsson,gabriel.larsson42@example.com,2023-03-29
43,Wassim,Diallo,wassim.diallo43@example.com,2024-06-29
44,Xavier,Dubois,xavier.dubois44@mail.test,2024-05-01
45,Diana,Iqbal,diana.iqbal45@mail.test,2023-09-29
46,Paul,Boucher,paul.boucher46@demo.dev,2023-08-05
47,Carlos,Iqbal,carlos.iqbal47@mail.test,2023-11-16
48,Liam,Leroy,liam.leroy48@demo.dev,2024-06-13
49,Noor,Bernard,noor.bernard49@mail.test,2023-08-19
50,Bilal,Mueller,bilal.mueller50@example.com,2024-07-21
